,sid,scode,click,unclick,buy,sell,first_exposed_time,last_interaction_time,p_berr,price,pricedollar,change,changepct,changepctparenthesis,volume,color,name
22,100,FB,0,0,0,0,-1,-1,-1,330.5600,,7.7500,2.40%,(2.40%),"4,923",,Meta Platforms Inc
7,7,JPM,0,0,0,0,0,-1,0.324736842971152,153.3400,$153.3400,2.5800,1.71%,(1.71%),"2,065",/#E24A4A,Walt Disney Co
19,19,NKE,0,0,0,0,0,-1,0.16427699749495908,208.9900,$208.9900,1.6200,0.78%,(0.78%),518,/#E24A4A,Visa Inc
17,17,NFLX,0,0,0,0,0,-1,0.17998905833722856,"2,974.4100","$2,974.4100",13.6800,0.46%,(0.46%),194,/#E24A4A,Alphabet Inc Class C
6,6,XOM,0,0,0,0,0,-1,0.35519144021936255,"3,523.1600","$3,523.1600",-0.1300,0.00%,(0.00%),360,/#3485FF,"Amazon.com, Inc."
11,11,IONQ,0,0,0,0,0,-1,0.24985537937263097,20.9700,$20.9700,-0.6000,-2.78%,(-2.78%),"19,150",/#3485FF,IONQ Inc
27,103,RBLX,0,0,0,0,-1,-1,-1,124.7800,,8.7900,7.58%,(7.58%),"4,551",,Roblox Corp
12,12,WMT,0,0,0,0,0,-1,0.20880812795133227,334.9700,$334.9700,0.0500,0.01%,(0.01%),"5,621",/#E24A4A,Microsoft Corporation
15,15,MA,0,0,0,0,0,-1,0.19738728884047274,164.3400,$164.3400,0.9800,0.60%,(0.60%),70,/#E24A4A,Johnson & Johnson
2,2,GOOG,0,0,0,0,0,-1,0.6073871903769605,175.0800,$175.0800,3.9000,2.28%,(2.28%),"44,432",/#E24A4A,Apple Inc
18,18,PFE,0,0,0,0,0,-1,0.16432278019642219,62.4500,$62.4500,0.1800,0.29%,(0.29%),"1,066",/#E24A4A,Exxon Mobil Corp
16,16,ADBE,0,0,0,0,0,-1,0.18291580289261092,121.8000,$121.8000,-0.5200,-0.43%,(-0.43%),770,/#3485FF,Taiwan Semiconductor Mfg. Co. Ltd.
26,104,DIS,0,0,0,0,-1,-1,-1,153.3400,,2.5800,1.71%,(1.71%),"2,675",,Walt Disney Co
10,10,JNJ,0,0,0,0,0,-1,0.25323924230906913,628.0800,$628.0800,2.5000,0.40%,(0.40%),864,/#E24A4A,Netflix Inc
0,0,AAPL,0,0,0,0,0,-1,0.9056678318777469,283.4000,$283.4000,1.0500,0.37%,(0.37%),"2,785",/#E24A4A,Moderna Inc
1,1,MSFT,0,0,0,0,0,-1,0.8152887636659303,197.3500,$197.3500,6.3300,3.31%,(3.31%),"5,750",/#E24A4A,Paypal Holdings Inc
24,106,U,0,0,0,0,-1,-1,-1,153.9400,,0.4400,0.29%,(0.29%),"1,194",,Unity Software Inc
20,116,TSM,0,0,0,0,-1,-1,-1,121.8000,,-0.5200,-0.43%,(-0.43%),"0,955",,Taiwan Semiconductor Mfg. Co. Ltd.
5,5,NVDA,0,0,0,0,0,-1,0.38730556497131546,318.2600,$318.2600,-6.0100,-1.85%,(-1.85%),"16,082",/#3485FF,NVIDIA Corporation
14,14,PG,0,0,0,0,0,-1,0.20509956591639483,186.4900,$186.4900,3.3500,1.83%,(1.83%),"1,222",/#E24A4A,Airbnb Inc
